{"1": [[10.0, 10.0], []], "2": [[100.0, 100.0, 200.0, 200.0], []], "3": [[150.0, 150.0], []], "4": [[441.3175911166535, 400.7596123493896, 444.77357683661734, 400.27390523158635, 448.25502516487495, 400.0304586490452, 451.74497483512505, 400.0304586490452, 455.22642316338266, 400.27390523158635, 458.6824088833465, 400.7596123493896, 462.0960947799834, 401.48521368620015, 465.45084971874735, 402.4471741852423, 468.7303296707956, 403.6408072716606, 471.91855733945386, 405.06029768504163, 475.0, 406.69872981077805, 477.95964517353735, 408.5481213722479, 480.78307376628294, 410.59946231966387, 483.4565303179429, 412.8427587261303, 485.9669900169326, 415.26708147705017, 488.3022221559489, 417.860619515673, 490.45084971874735, 420.61073738537635, 492.4024048078213, 423.50403678833976, 494.14737964294636, 426.52642186070545, 495.67727288213007, 429.66316784621, 496.98463103929544, 432.8989928337166, 498.063084796916, 436.21813220915004, 498.90738003669026, 439.60441545911203, 499.5134034370785, 443.04134495199673, 499.8782025129912, 446.5121763127937, 500.0, 450.0, 499.8782025129912, 453.4878236872063, 499.5134034370785, 456.95865504800327, 498.90738003669026, 460.39558454088797, 498.063084796916, 463.78186779084996, 496.98463103929544, 467.1010071662834, 495.67727288213007, 470.33683215379, 494.14737964294636, 473.47357813929455, 492.4024048078213, 476.49596321166024, 490.45084971874735, 479.38926261462365, 488.3022221559489, 482.139380484327, 485.9669900169326, 484.73291852294983, 483.4565303179429, 487.1572412738697, 480.78307376628294, 489.40053768033613, 477.95964517353735, 491.4518786277521, 475.0, 493.30127018922195, 471.91855733945386, 494.93970231495837, 468.7303296707956, 496.3591927283394, 465.45084971874735, 497.5528258147577, 462.0960947799834, 498.51478631379985, 458.6824088833465, 499.2403876506104, 455.22642316338266, 499.72609476841365, 451.74497483512505, 499.9695413509548, 448.25502516487495, 499.9695413509548, 444.77357683661734, 499.72609476841365, 441.3175911166535, 499.2403876506104, 437.9039052200166, 498.51478631379985, 434.54915028125265, 497.5528258147577, 431.2696703292044, 496.3591927283394, 428.08144266054614, 494.93970231495837, 425.0, 493.30127018922195, 422.04035482646265, 491.4518786277521, 419.21692623371706, 489.40053768033613, 416.5434696820571, 487.1572412738697, 414.0330099830674, 484.73291852294983, 411.6977778440511, 482.139380484327, 409.54915028125265, 479.38926261462365, 407.5975951921787, 476.49596321166024, 405.85262035705364, 473.47357813929455, 404.32272711786993, 470.33683215379, 403.01536896070456, 467.10100716628347, 401.936915203084, 463.78186779084996, 401.09261996330974, 460.39558454088797, 400.4865965629215, 456.95865504800327, 400.1217974870088, 453.4878236872063, 400.0, 450.0, 400.1217974870088, 446.5121763127937, 400.4865965629215, 443.04134495199673, 401.09261996330974, 439.60441545911203, 401.936915203084, 436.21813220915004], []], "5": [[450.0, 450.0], []]}